_song_uid,Unnamed: 0,track_id,artists,album_name,track_name,duration_ms,danceability,energy,loudness,speechiness,acousticness,instrumentalness,liveness,valence,tempo,predicted_label,class_cluster,user_id
1900,1900,0s3hLSHmF9JBS7bNrx1jRd,Ali Farka Touré;Toumani Diabaté,Ali & Toumani,Kana Kassy,0.062176143293871,0.583,0.44,0.7898955026047286,0.0313,0.803,0.813,0.105,0.594,0.4155960268956142,Angry,2,1
37949,42501,0OiauhRBNm273nlqlOT2qz,Jarhead Fertilizer;Purge,Always Faithful,Untitled,0.0119756546387102,0.164,0.325,0.8620264480133164,0.0588,2.3e-06,0.991,0.0631,0.352,0.3761834192702911,Angry,2,1
82418,105099,5TeLSirV20P8TpjjCvDpfd,Breakfast For Brunch,Icecoffee Season,Icecoffee Season,0.0289367572074847,0.647,0.389,0.7406060232421936,0.0584,0.44,0.829,0.137,0.312,0.3265196144472069,Angry,2,1
4748,5347,4k3bQolPVSky3itPqhsrlY,Otaku,Anime Lofi Vol. 2,Renai Circulation (Bakemonogatari),0.0252760600114126,0.612,0.259,0.753737554329398,0.0999,0.196,0.901,0.106,0.214,0.6122018232515606,Angry,2,1
14740,15617,08a3StAjIV2J1BbbqSOyKa,Finding Hope;Holly Drummond,Without You,Without You,0.055888943774502,0.477,0.243,0.6542492524891342,0.0636,0.499,0.407,0.0743,0.0997,0.3552523607147669,Angry,2,1
5414,6015,3P4Vcz7MhJngRf8WUAaoA0,Rotting Christ,Kata Ton Daimona Eaytoy (Do What Thou Wilt),Χ Ξ Σ - 666,0.0872298782399725,0.39,0.758,0.8272093955180174,0.0312,0.00114,0.829,0.0978,0.0993,0.3429435755489963,Calm,2,1
21388,22650,0jCUZSnjn6hxp7zgX3h2rF,August Burns Red,Constellations,White Washed,0.056104369096407,0.213,0.964,0.8438704108997874,0.0737,7.05e-06,0.114,0.453,0.335,0.4349389868012264,Calm,2,1
3565,4160,7gbSDq9luQx6yVl7HyJGIW,Peter Sandberg,Dismantle,Dismantle,0.0278218097822517,0.399,0.136,0.61312844856817,0.0307,0.985,0.895,0.156,0.396,0.409047671537108,Energetic,2,1
15967,16992,0Uftewfc4HjoNG4oPXkubS,Wolfgang Amadeus Mozart;Danielle Laval,Mozart - All Day Classics,"8 Variations on ‘Dieu d'amour’ from ‘Les mariages samnites’ by Grétry in F, K.352: 5. Variation IV",0.0220485133736193,0.369,0.179,0.5589994143213834,0.0505,0.993,0.948,0.0622,0.326,0.3862059955827179,Energetic,2,1
40256,45401,5ZtlJ9c1AlxeuACtawyHAK,Maneli Jamal,Nocturnal Space,Nocturnal Space,0.0512303392450505,0.49,0.158,0.6741623254523597,0.0484,0.987,0.783,0.0856,0.173,0.4302726712309193,Energetic,2,1
80420,101484,2HkQhmtuxALD6OkIY8YZW9,Baby Lullaby,Soft Pillow (lullabies for children and adults),Cute Baby - Music Box,0.0450512357057121,0.499,0.0189,0.5857556795413212,0.0525,0.916,0.853,0.0898,0.373,0.5240643894393481,Energetic,2,1
24888,26340,33fbChIpvAkS9TWaLZeSlg,Germaine Franco,Encanto: La fantastique famille Madrigal (Bande Originale Française du Film),Isabela la perfecta,0.0189070857553775,0.451,0.0635,0.5100952498381679,0.0331,0.629,0.908,0.136,0.259,0.421683057967642,Energetic,2,1
3736,4331,0WXWiXfd4V6MCkBkrUV0NK,Akira Kosemura,Evening Light,Evening Light,0.0343987985246815,0.393,0.0399,0.5067044789001572,0.0469,0.982,0.892,0.109,0.147,0.505362384515834,Energetic,2,1
3882,4477,25zykbJGBYXYjnq5VyhO3N,Nils Frahm,Wintermusik,Ambre,0.0563422824708952,0.409,0.0523,0.5299929102062205,0.0343,0.993,0.943,0.117,0.344,0.5953655280530074,Energetic,2,1
32885,36349,7hi9yOsAATUoFuOB9dOzuG,François Couperin;Pierre Gallon,Bach - Suites françaises,"Suite française No. 1 in D Minor, BWV 812: I. Prélude",0.0347509409844502,0.355,0.173,0.5968219228753738,0.0392,0.793,0.888,0.0544,0.425,0.3420127619444206,Energetic,2,1
15483,16418,17i5jLpzndlQhbS4SrTd0B,Johann Sebastian Bach;Yo-Yo Ma,"Bach: Cello Suites Nos. 1, 5 & 6","Cello Suite No. 1 in G Major, BWV 1007: I. Prélude",0.0372008609857586,0.275,0.157,0.6357387256866311,0.0636,0.89,0.842,0.186,0.304,0.2992035011655582,Energetic,2,1
65866,78853,1gk1iCwuu1MXx1H9KXeA6w,DJ Ötzi;The Bellamy Brothers,Simply The Best,I Need More Of You,0.0536000177860052,0.636,0.881,0.8305539286705096,0.0272,0.0289,0.000169,0.312,0.911,0.4898447419237631,Happy,2,1
21778,23104,7dsImih2L25fa6qjNphBI7,Chris Lake;Alexis Roberts,Turn off the Lights,Turn off the Lights,0.0520905072563579,0.824,0.745,0.8401405628679758,0.0755,0.0467,3.29e-05,0.198,0.888,0.5103675488983331,Happy,2,1
72956,91279,3egSwvRPqL8BaaGkUaxqOc,Bastille,Halloween 2022,Bad Blood,0.0525234022685845,0.664,0.794,0.8399401991307297,0.038,0.0132,0.0137,0.12,0.933,0.5838528334700976,Happy,2,1
26353,27850,0S3b1jhjbkaeg3QYmfObXz,Sigma;Queen Millz,Little Things,Little Things,0.039900449479951,0.673,0.734,0.8806140377916835,0.211,0.000331,0.0,0.354,0.391,0.3553013509044814,Happy,2,1
65828,78797,5m1zDuSQxM8qCwDXUSC0lP,Die jungen Zillertaler,Glanzlichter,Drobn aufm Berg,0.0413918162399005,0.782,0.858,0.8613482938257144,0.0461,0.0333,7.44e-06,0.339,0.967,0.5146664380457814,Happy,2,1
77164,97265,7uZzcSuMJnd2bvjXnTzvkG,Bruno & Marrone,Studio Bar (Ao Vivo Em Uberlândia / 2018 / Vol. 2),A Dama De Vermelho - Ao Vivo Em Uberlândia / 2018,0.0502186324248586,0.65,0.716,0.85760303319873,0.0293,0.285,0.0,0.219,0.681,0.4080025474898651,Happy,2,1
68970,83193,1RhHq7nLqmeucYrdP21J5J,David Puentez,Pop Brandneu,Don't Let Our Love Die,0.0418507769494394,0.634,0.724,0.8544126259979656,0.0431,0.129,0.0,0.09,0.302,0.5140214005478736,Happy,2,1
31425,34807,6iOBherEG0U5BjXpMPxA5N,Kabir Cafe,Panchrang,Tod Diya,0.0716109035367318,0.564,0.847,0.8589439289787615,0.159,0.0941,1.19e-05,0.129,0.828,0.5222925775780067,Happy,2,1
65703,78664,0AWOqczvnAzLC4tSbvVD86,voXXclub,Donnawedda (I mog di so - Edition),Spitzenmadl,0.0506119177990125,0.724,0.782,0.8623655251071176,0.0562,0.0394,0.0,0.113,0.862,0.5143929094865419,Happy,2,1
65076,77870,1hUwZlMjvqoMFKajpU67p1,Sorriso Maroto,Sorriso Maroto Ao Vivo No Recife,Na Cama - Live,0.0551504156839856,0.574,0.93,0.8383372892327611,0.0407,0.611,0.0,0.849,0.945,0.3939872707157059,Romantic,1,1
71257,87137,2DqZ957WcDhSfsQN3wt14S,Charlie Brown Jr.,Chegou Quem Faltava - Versão Completa (Ao Vivo),Three Little Birds - Ao Vivo - Chegou Quem Faltava,0.0324408046736306,0.638,0.7,0.8096852748065719,0.12,0.242,0.0,0.761,0.649,0.3059559823145415,Romantic,1,1
76658,96708,3jAy3gMSprXBZzrZMe1ufO,Arlindo Cruz,Batuques do Meu Lugar (Ao Vivo),Testamento de Partideiro - Ao Vivo,0.0366726472961055,0.54,0.677,0.7922382170709905,0.0555,0.777,1.02e-05,0.98,0.944,0.4262554756743295,Romantic,1,1
32482,35888,5DV85kL8jwGlKT3RhAK2CZ,Bell Marques,Só as Antigas (Ao Vivo),Menina Me Dá Seu Amor - Ao Vivo,0.0661920495023368,0.589,0.932,0.8408033044604051,0.0414,0.0864,0.00244,0.525,0.818,0.404193560239562,Romantic,1,1
61806,74138,3Ea08ZAiu9QOepEYDIc4cl,Roupa Nova,Roupacústico (Ao Vivo),A Força do Amor - Ao Vivo,0.066748628803771,0.525,0.774,0.791452174717179,0.0451,0.121,0.0,0.935,0.721,0.3146925661469624,Romantic,1,1
79542,100538,0CoxfP3dOGKwg6ShNnRiNP,Los Enanitos Verdes,Habitaciones Extrañas,Pasos,0.0643602954010143,0.551,0.934,0.8436392219721957,0.0531,0.0354,0.0,0.519,0.786,0.5371896777670272,Romantic,1,1
6935,7541,6lllsKsshDQK9dAl6pdqTj,Old & In The Way,Breakdown,'til The End Of The World Rolls 'round,0.0327339159953684,0.692,0.386,0.6882494374402762,0.0743,0.615,0.00635,0.916,0.823,0.4978097302681805,Sad,2,1
46935,52918,2YOuzGSTrr7FpZYHrvwusx,George Jones,Done Gone,Cup of Loneliness,0.0347133757147942,0.564,0.417,0.7705835208532413,0.0289,0.871,0.0308,0.126,0.848,0.5644935435012471,Sad,2,1
14381,15252,5VujK2veNOmeh7jNj9zq1p,dwsdmusic,Talk It Out,Talk It Out,0.0418523102257519,0.646,0.491,0.7227582380321199,0.0443,0.465,0.18,0.0834,0.68,0.5920995154053733,Sad,2,1
87858,111907,7smsrHWCFPoXKkuVfCTqvm,FKA twigs,CAPRISONGS,christi interlude,0.0146478997053298,0.557,0.291,0.7145279122098579,0.36,0.842,0.00178,0.495,0.382,0.4907837205599578,Sad,2,1
46465,52438,1LdttgZlLIgiKXqGciYjQt,Ray Price,Golden Hits,Make The World Go Away,0.0369384151902706,0.516,0.327,0.7801547424555347,0.0292,0.604,8.75e-05,0.183,0.546,0.28366136347863,Sad,2,1
40355,45520,3RSKSNv8odGUcE8jzDhEo1,Manuelcha Prado,Guitarra y Canto del Ande,Panorama ayacuchano,0.0854811766055766,0.501,0.356,0.8097623377824359,0.0779,0.857,0.853,0.112,0.181,0.4019032688704086,Angry,2,2
14285,15153,2mUzPLPUkEjClJ9Rb6H2rD,Kid Travis,Strawberry Skies (Deluxe Edition),Stay (Don't Go),0.0512252283240088,0.458,0.239,0.6800499368083599,0.0599,0.0346,0.0,0.0815,0.31,0.387810424295868,Angry,2,2
3426,4021,7qH9Z4dJEN0l9bidizW7fq,Novo Amor,Bathing Beach,Anchor,0.0640978496055263,0.457,0.407,0.7478961807589163,0.0308,0.805,0.884,0.126,0.126,0.477870723054375,Angry,2,2
67558,80929,11na2yXOmMbkUL8f5j6vxZ,Atif Aslam;Chinmayi,Main Rang Sharbaton Ka (Lofi Mix),Main Rang Sharbaton Ka (Lofi Mix),0.0358515778307666,0.547,0.43,0.7564964088653248,0.0311,0.679,0.396,0.112,0.501,0.326286911046063,Angry,2,2
83176,105858,4vqrhPRaeoJ8pHL6dKTlfW,luvuto,miletones,miletones,0.0359609515410577,0.775,0.367,0.6962948121204648,0.12,0.553,0.831,0.116,0.291,0.5712990973557545,Angry,2,2
83261,105944,2j2WyrT9VmJFOuOGIs2cIg,"Sarah, the Illstrumentalist",FLOWERS,Ginger Root,0.0342544150052553,0.396,0.217,0.7326377115378688,0.0415,0.677,0.794,0.176,0.107,0.3456176234042466,Angry,2,2
63802,76388,5BpBzULpMAuYl00QTwl6b5,George Perris,Live,The Windmills of Your Mind / Les Moulins De Mon Coeur (Live),0.0352620330886139,0.351,0.55,0.7612280755833668,0.107,0.601,0.0,0.716,0.622,0.6293443071358295,Calm,1,2
42384,47825,3wrTXnKtCu9kZk0lBxtJZj,Los Prisioneros,"Estadio Nacional (En Vivo, Remasterizado 2019)",Tren al Sur (En Vivo),0.1094253305935389,0.363,0.914,0.8314786843808761,0.0909,0.196,0.129,0.622,0.466,0.366805880455772,Calm,1,2
35977,40411,7tztN3e5IFxhOYV7KQgsuu,Marquinhos Gomes,Ele Não Desiste de Você (Ao Vivo no Via Show Rio de Janeiro),Não Morrerei - Ao Vivo,0.0820609482445136,0.348,0.604,0.8265620665207608,0.038,0.453,0.0,0.573,0.481,0.5219129036077191,Calm,1,2
64510,77220,3VAmXdzSNXU0tLJJGhdb3e,Rodriguinho;Gaab;Mr. Dan;Ferrugem,Legado: O Show (Ao Vivo),Já Deu Pra Notar / Melhor Eu Ir - Ao Vivo,0.0833570778206726,0.406,0.822,0.8604543633056935,0.0678,0.669,0.0,0.795,0.534,0.5212882786888593,Calm,1,2
47716,54504,5sP9FQJwiBi0UbwSROR8sb,alva noto;Ryuichi Sakamoto,Revep,Siisx,0.1120007237064195,0.457,0.204,0.5736259671403472,0.0429,0.936,0.942,0.109,0.0671,0.4103867367226379,Energetic,0,2
3588,4183,2UZZtkoLOg7IHxeTAdPFvd,Marconi Union,Weightless (Ambient Transmission Vol. 2),Weightless Part 1,0.1226963481702519,0.0783,0.206,0.607086711260442,0.0337,0.864,0.838,0.179,0.0807,0.3279934026544517,Energetic,0,2
62787,75284,08acQDpjsz1BHN9TZa1q0Z,Brian Crain,Life Is...,Dreams and Memories,0.0602917467058197,0.178,0.119,0.6389907832680868,0.0319,0.89,0.948,0.111,0.0388,0.3791759033586858,Energetic,0,2
62784,75281,5ApE2jBYytrOzO3o3STC0o,Michael Hoppé;Martin Tillman,The Poet: Romances for Cello,Shadows for Walter de la Mare,0.060377099087215,0.106,0.214,0.6700779877315743,0.0423,0.903,0.694,0.11,0.0379,0.3393427966049798,Energetic,0,2
51021,59498,6coErM4CBGW8rsZkK6aDQv,Alireza Mashayekhi;Farimah Ghavamsadri;National Symphony Orchestra of Ukraine;Vladimir Sirenko,Persian Gardens (Piece for Piano and Orchestra),"Persian Gardens, Op. 111 : Episode V",0.0721771935881451,0.275,0.0744,0.6400542523350082,0.0366,0.944,0.895,0.0954,0.0365,0.5182753820214169,Energetic,0,2
35773,39877,7B4HbpZCSfLzKGapKzlUPD,Johann Pachelbel;Sir Neville Marriner;Academy of St. Martin in the Fields,Mozart: Academy in Concert,Pachelbel: Canon and Gigue for Three Violins and Continuo in D Major: Canon,0.0753554198378867,0.128,0.132,0.6524151536635738,0.0353,0.744,0.942,0.107,0.0988,0.3482957537753064,Energetic,0,2
5252,5853,66bK78V5FvJcxdLncAwZ8Q,Kensuke Ushio,DEVILMAN crybaby (Original Soundtrack),Crybaby,0.0620023719784554,0.172,0.371,0.7626768595296076,0.033,0.904,0.921,0.107,0.101,0.2612728467790992,Energetic,0,2
4338,4934,3Sy6wgTNEp6vSgLs4EyXAf,Jóhann Jóhannsson;Yuki Numata Resnick;Tarn Travers;Ben Russell;Clarice Jensen,Orphée,Flight from the City,0.0982457019070635,0.13,0.086,0.5869116241792793,0.0373,0.932,0.912,0.108,0.0375,0.3683368238843504,Energetic,0,2
15467,16398,3Jm1zyEniYRhfjdTuzqqaa,Maurice Ravel;Michael Davis;London Symphony Orchestra;Claudio Abbado,Clásica para los niños de hoy,"Ma mère l'Oye, M. 60: Apothéose: Le jardin féerique",0.0553410530388386,0.182,0.0436,0.6019234918775623,0.0358,0.908,0.82,0.112,0.0391,0.4104275618807333,Energetic,0,2
15986,17011,5hxMK9b3lDs5Ah9SU0k0fC,Le Castle Vania,John Wick (Original Motion Picture Soundtrack),Shots Fired,0.0471970559050431,0.693,0.792,0.8364569526216825,0.0321,1.74e-05,0.787,0.113,0.553,0.4899549698506207,Happy,0,2
69323,83589,1nyDWVPCP46z3SHrgoyGRe,MOTi;Romer T.,"Club Zero Cool, Vol. 3",Play,0.0403921200841564,0.744,0.926,0.8479855738109183,0.0936,0.00576,0.506,0.123,0.674,0.5305188469342348,Happy,0,2
72130,90240,7nvMpVadr2vaZESadQRjCl,The Champs,Wiggle Wobble (50's & 60's Collection of Music),Tequila,0.0326656851994626,0.699,0.861,0.7803705187879536,0.046,0.0591,0.408,0.0967,0.945,0.3686144349593993,Happy,0,2
22049,23375,6KsWTg6la3h3LeLcQZ2uoD,Martin Ikin;Dope Earth Alien,Headnoise (Get Hype),Headnoise (Get Hype),0.0440372289710514,0.704,0.989,0.8322339015443421,0.0564,0.157,0.843,0.0747,0.848,0.5061135674247899,Happy,0,2
23493,24871,0ZfFNmh42jERrqdZfzn6Ca,Aril Brikha,Deeparture in Time - Revisited,Fuknit,0.0988181250637268,0.803,0.773,0.8013470608181006,0.0469,0.00465,0.805,0.0597,0.875,0.522031296566196,Happy,0,2
12372,13208,45GZH8Us92Xwyy9OvDu6Ga,Jovonn,Deeply Rooted Allstar,Can't Hold It Back,0.0936491950682678,0.833,0.856,0.7751764742147284,0.045,0.0052,0.553,0.0284,0.867,0.5103063111611901,Happy,0,2
43718,49452,0zolxiS5uiL5towOJrsJi4,Headhunterz,Home,Home,0.0581262494604784,0.552,0.829,0.8478776856447089,0.0845,0.187,5.44e-05,0.283,0.367,0.612536589547943,Romantic,4,2
84225,107251,1nxAYfS0jDeCrZUJtsI8q8,Tove Lo;Gryffin,Talking Body (Remixes),Talking Body - Gryffin Remix,0.0671541803884249,0.602,0.895,0.8543663882124474,0.0316,0.102,0.0645,0.353,0.365,0.4693341824966217,Romantic,4,2
32259,35664,0SvtBdkNRlErX8sPrFgWPW,Calcinha Preta,As 20 +,Mágica,0.0642205117105256,0.398,0.801,0.8668968280879135,0.0541,0.33,0.0,0.467,0.431,0.6529616610940326,Romantic,4,2
26035,27514,0rbv8ZPOe9tVf0VODkd4en,Nu:Tone,Hospital Mixtape: Lens (DJ Mix),Jonas (Mixed),0.0261520718779491,0.548,0.95,0.8362103510989181,0.0763,0.0074,0.179,0.423,0.578,0.7144606792489805,Romantic,4,2
76281,95976,5ljREuUw5Qtm6ZYRa3YIVS,Orquesta Inmensidad,El Sabor del Pueblo,Dile Al Amor,0.0664552619359811,0.727,0.53,0.7466477605499214,0.0384,0.534,0.0,0.069,0.803,0.3920521582219827,Sad,2,2
14458,15329,4JEGeqPF0RH7oi1lHdtbK6,Zachary Knowles,slow summer,slow summer,0.0414178819372128,0.658,0.431,0.7875527881384667,0.0437,0.817,8.28e-06,0.21,0.464,0.3674386704062511,Sad,2,2
64573,77290,7KEN7S7Tg4BXgghYZcinS9,Edson & Hudson,Acústico - Ao Vivo,Te Quero Pra Mim,0.0473442504310423,0.549,0.343,0.7734656761505503,0.0297,0.495,0.0,0.703,0.388,0.2891237696317978,Sad,2,2
72807,90944,1smbh1lcUXB7ZvlV9NlK3v,Angelica Maria;Mariachi Mexico,Angelica Maria Interpreta a Juan Gabriel y Otros Con el Mariachi Mexico,Me Gusta Estar Contigo,0.0327405601927226,0.784,0.414,0.7577756542646651,0.0593,0.685,1.09e-06,0.0459,0.961,0.469607711055861,Sad,2,2
20405,21612,0cj24kRZd7uRvX3QRVT3qF,Koffee,Gifted,Gifted,0.0406047343994885,0.794,0.471,0.769920779260812,0.0541,0.749,1.68e-05,0.101,0.52,0.4081944257329136,Sad,2,2
88310,112427,59YZK0d2ttqxIKD36PaX3t,Emel Sayın,Türk Film Müzikleri,Bak Yeşil Yeşil,0.0603014574557988,0.453,0.452,0.8044449924478284,0.0362,0.954,0.00728,0.336,0.44,0.4048222676742316,Sad,2,2
11631,12466,1o7LoJTQd4Js16rHjTKAc9,陳秋霞,第二道彩虹,六月天,0.0438994896489793,0.487,0.414,0.7591782004253876,0.0282,0.438,4.4e-06,0.349,0.745,0.5757082144300604,Sad,2,2
73076,91674,2qjGDqhB9IvKNZ3ujzr16O,Rod Stewart;Michael Bublé,Christmas Songs 2022,Winter Wonderland,0.0348871470302099,0.684,0.491,0.8067722943189174,0.0361,0.71,0.0,0.144,0.4,0.4813939341980102,Sad,2,2
35849,39966,1HrJOyJpIxA7yrGJaVIC9e,Hans Zimmer,The Dark Knight Rises (Original Motion Picture Soundtrack) [Deluxe Edition],Gotham's Reckoning,0.0615439223610206,0.582,0.379,0.6876637588237108,0.0545,0.676,0.962,0.146,0.0661,0.5878700290266875,Angry,2,3
5970,6574,2biGEMYnKkiqJXkS8Koiaw,Panopticon,Kentucky,Kentucky,0.0496679306826222,0.456,0.399,0.6733608705033753,0.0311,0.644,0.656,0.231,0.689,0.4080515376795797,Angry,2,3
3453,4048,5PUlAYkovfKJzohiCP5z0m,Max Richter;Daniel Hope;Konzerthaus Kammerorchester Berlin;Andre de Ridder,Classical Christmas,"Recomposed By Max Richter: Vivaldi, The Four Seasons: Winter 3 - 2012",0.0696074224884103,0.469,0.259,0.6884035633920039,0.0376,0.246,0.872,0.319,0.0373,0.451530331051207,Angry,2,3
82517,105198,7q0tXPB1ff1cXuVhNluKz4,Justnormal,Effervescence,I'm Still Listening,0.0392925054220483,0.652,0.467,0.7533522394500787,0.0924,0.598,0.826,0.127,0.0743,0.7027152812649267,Angry,2,3
32887,36351,4aD6AB42IyjDv8hcveaOPN,Møme;Assassin's Creed,Ezio's Family (Møme Remix),Ezio's Family - Møme Remix,0.0501256136619008,0.561,0.596,0.795767701365556,0.0322,0.592,0.754,0.101,0.0367,0.5143888269707325,Angry,2,3
17096,18129,2tKL6AuloHLRoEABV7jMdp,Ron White,A Little Unprofessional,Dr. Phil Story,0.2446574903486645,0.583,0.347,0.602231743781018,0.929,0.938,0.0,0.832,0.254,0.4537103944935027,Calm,4,3
17677,18714,28KZi1eSVSc8Gnosc7Uodd,Carl Barron,"Just for Laughs - The Archives, Vol. 11",Thick Accent (Jfl 2004),0.068079257096961,0.48,0.742,0.6603834653678987,0.925,0.876,0.0,0.905,0.0565,0.4211360008491633,Calm,4,3
17273,18307,71wv8LAnRyF9mGIEvCEQyD,Micky Flanagan,The Out Out Tour,Out Out,0.1061172869493397,0.478,0.87,0.6816220215159828,0.91,0.746,0.0,0.964,0.148,0.3622538753281322,Calm,4,3
17872,18913,5oIA5ABEthClfbrtlyGjUU,Jeff Allen,Three Word Vocabulary,First Valentine's Day,0.0356573628311844,0.432,0.655,0.6286951696926729,0.942,0.664,0.0,0.965,0.08,0.3397673782491722,Calm,4,3
17943,18984,46BqzuAVnkStVtETf7dclw,George Lopez,America's Mexican,Ftp,0.0729057553826303,0.348,0.977,0.8125520175087081,0.941,0.898,0.000337,0.905,0.056,0.3432620117821406,Calm,4,3
17647,18684,2BZe9fLjce5JlnrVmwYzWl,Jeff Foxworthy,The Redneck Test,Towing Dad's Boat,0.1965816115705119,0.55,0.802,0.7351037267655127,0.926,0.864,0.0,0.812,0.515,0.4524611446557826,Calm,4,3
15482,16417,6kD6phIifemWdUZmmsFP6Q,M. S. Subbulakshmi;T. K. Murthy;V.V.Subramaniam,Sri Venkatesa Suprabhatham,Sri Venkatesa Suprabhatam,0.3124170593344712,0.657,0.301,0.7313430535433557,0.766,0.949,0.0,0.28,0.794,0.4122157038053129,Calm,4,3
17248,18282,400FHlIlbJ2f9VZSbsIR7t,Ralphie May,Just Correct,We Fuck with Minorities,0.0878219784426461,0.408,0.749,0.6902222496223914,0.938,0.871,0.0,0.957,0.363,0.292022355856573,Calm,4,3
17137,18170,4NKO0wVXkC435PQivgBpcD,Martin Lawrence,Doin' Time: Uncut,My Favorite Boxer,0.0583074316114044,0.509,0.381,0.5747510865879597,0.955,0.686,0.0,0.984,0.253,0.3187669169248858,Calm,4,3
17238,18272,3okRMdTEsx6H6WpMpI7NKB,Martin Lawrence,Doin' Time: Uncut,America's Dad,0.0645108120256905,0.561,0.377,0.5707592244382109,0.954,0.642,0.0,0.854,0.207,0.3574446717044912,Calm,4,3
66791,79982,27sZtnaLNm4O6YAjqUJxwI,Flying Fingers,Don't Start Now (Piano Version),Don't Start Now - Piano Version,0.0344460745443166,0.552,0.0995,0.6446780308868407,0.0572,0.989,0.848,0.126,0.113,0.460230172241342,Energetic,2,3
66707,79876,1OafpQVW8r13NUtd2ZMh4M,Smyang Piano,"Piano Collection, Vol. 10",Your Eyes Tell,0.077230361222011,0.404,0.0526,0.6032181498720756,0.041,0.986,0.934,0.115,0.103,0.4923228290201554,Energetic,2,3
15885,16861,4fjIZ7L6mh8MHFj7rVypr0,Wolfgang Amadeus Mozart;Arthur Grumiaux;Walter Klien,Mozart: A Night of Classics,"Sonata for Piano and Violin in F, K.377: 2c. Variation 2",0.0769944922159394,0.383,0.126,0.6065626830245677,0.046,0.986,0.421,0.0859,0.416,0.3713333904885546,Energetic,2,3
47794,54582,1TDBIYLxJ7u1qRp4OkrJT8,arai tasuku,Fantasmagorie The Ghost Show -Original Soundtrack-,Corteo,0.0524620712160848,0.346,0.0126,0.5901020313800438,0.0399,0.968,0.942,0.0818,0.0731,0.5456200729137324,Energetic,2,3
33078,36568,4FnK3GEuekjYXavXPIGlmQ,Alexandre Desplat;Jean-Yves Thibaudet,Extremely Loud and Incredibly Close (Original Motion Picture Soundtrack),Extremely Loud and Incredibly Close,0.0283571787613631,0.474,0.0118,0.4453006997318209,0.0318,0.991,0.891,0.0622,0.0656,0.3229270005348095,Energetic,2,3
74548,93795,3oETjW03c8oLrx4HwXrPVo,Sergei Lemeshev,"Russkie narodnye pesni, Chast' 2",Pesnja bobylja,0.030717913190495,0.618,0.644,0.7743904318609168,0.35,0.898,0.0,0.633,0.804,0.4388092117886726,Happy,1,3
17822,18860,7j8yMVtXozPUK0xoW11WR4,Tom Papa,"Calm, Cool, and Collected",Pet People,0.0119255676125022,0.546,0.827,0.7894793625350637,0.535,0.699,0.0,0.786,0.844,0.4659661069537492,Happy,1,3
17369,18403,5E8ZIBbCbLs6uI5u5jvNzY,Keith Alberstadt,Walk It Off,Invention of Softball,0.011350333449266,0.509,0.632,0.7704910452822046,0.948,0.91,0.0,0.529,0.824,0.7122846983224943,Happy,1,3
16912,17942,6QycALmIOi9Bp2SOlKcuYB,Dj. Great,The Best of Dj Great Jersey Club Remix Compilation,Bodyyy,0.0238800119288897,0.69,0.541,0.7637865663820474,0.475,0.447,1.88e-06,0.458,0.3,0.5712174470395637,Happy,1,3
17229,18263,0RaGvh3x3zOOiCvcKuPD7i,Todd Glass,Todd Glass Talks About Stuff,People Say They Don't Watch Tv,0.0530104730438524,0.519,0.855,0.8837582072069297,0.642,0.835,0.0,0.48,0.739,0.3918806925579819,Happy,1,3
31228,34556,2odjgKK81rxzEDpxPQ968z,Piyush Mishra,Baarish Ka Bandhan,Baarish Ka Bandhan,0.0149479107704739,0.544,0.45,0.8129681575783732,0.893,0.799,0.0,0.151,0.585,0.7602910017269041,Happy,1,3
17264,18298,4WI6J6KIei58xYIaqPAQut,Kathleen Madigan,Madigan Again,Parents,0.0291256057399732,0.655,0.928,0.8562929626090443,0.927,0.795,0.0,0.718,0.423,0.3242905608151967,Happy,1,3
86410,110195,5uUYKILx8eE05jnIT4rkuR,Armin van Buuren,ASOT 1090 - A State Of Trance Episode 1090,"A State Of Trance (ASOT 1090) - Interview with GXD, Pt. 4",0.0064612263808367,0.696,0.59,0.7895564255109275,0.738,0.158,2.05e-06,0.308,0.826,0.5157278921562624,Happy,1,3
64663,77394,5dCsHs5nynTHGdua0raMRR,Turma do Pagode;Sorriso Maroto,Mania do Brasil (Ao Vivo),Tá Louco Héin (feat. Sorriso Maroto) - Ao Vivo,0.0606804322510361,0.65,0.85,0.8473382448136618,0.104,0.644,0.0,0.87,0.77,0.4490481614390051,Romantic,1,3
58466,69434,5xlEb2zlwMBqRhHOBmqep8,Gersson Edinbaro,Neerae 1,Yehova Devanukku and Thooyathi Thooyavarae,0.1595256451962836,0.76,0.6,0.7582072069295028,0.0466,0.226,4.54e-06,0.626,0.88,0.5104981894042385,Romantic,1,3
38597,43328,6OaI0ZpuuHfTYGBCUkXTCk,Kemuel,Kemuel Worship I,Não Valeria,0.0739279395909576,0.558,0.95,0.8311858450725934,0.18,0.0366,0.000488,0.973,0.319,0.5553650381511103,Romantic,1,3
38955,43859,1VRQHQLh9zeIee7Nw3G0oR,Beave,Good 4 U,Good 4 U,0.0382000460493985,0.701,0.842,0.8042446287105823,0.0872,0.337,0.00025,0.835,0.559,0.5142296088541604,Romantic,1,3
84479,107536,47hZhtan4GESgN33qpvIuY,Simple Minds,Live - In The City Of Light,Big Sleep - Live,0.0666602098697507,0.414,0.82,0.7872599488301841,0.0338,0.326,0.00625,0.483,0.468,0.6998942628405329,Romantic,1,3
23876,25275,5g6nzsOxwxdoj6sqAl0NXB,The Weather Girls,The Best of Disco,It's Raining Men,0.0522098472626801,0.682,0.925,0.833883049227829,0.121,0.315,0.000718,0.702,0.611,0.5563244293663527,Romantic,1,3
70213,84885,7fLTytvnvxy653VWxflTRf,Faces,A Nod Is as Good as a Wink... to a Blind Horse,Stay with Me,0.0696756532843162,0.458,0.869,0.7955827502234827,0.032,0.0969,0.0596,0.357,0.813,0.3731011198340865,Romantic,1,3
76648,96697,7yRTHVRX5GqicqHK9yuJsu,Jorge Aragão;Beth Carvalho,Ao vivo convida (Redux),Pot-Pourri: Coisinha do pai / Vou festejar - Ao vivo,0.0759891740470496,0.497,0.837,0.8212138959958079,0.144,0.101,0.0,0.985,0.531,0.6095726830702152,Romantic,1,3
17616,18653,6t66Gn30J1qAVcSZKAqEOK,Willie Barcena,Hey!they'rejust Jokes!,Bbq,0.0278274317953975,0.509,0.646,0.6707561419191764,0.93,0.874,1.96e-06,0.731,0.339,0.2087880235316211,Sad,3,3
82820,105501,2NDAE4SuAs9GJnaLnLfMm7,sound butler,sea foam,sea foam,0.0338302085587994,0.73,0.356,0.7685182331000894,0.0509,0.741,0.908,0.383,0.266,0.3593062989136425,Angry,1,4
57123,67370,4hmApgMD9KdxSlThQtFGvr,TINI,Dulce Balada,Te Olvidaré,0.0480758787781525,0.382,0.331,0.7845627446749484,0.0347,0.782,2.23e-06,0.302,0.277,0.4605935161483913,Angry,1,4
16993,18024,1JjQ0vNVatTsOYL6plWAo9,Jeff Foxworthy,We've Been Thinking,Facts of Life,0.1531530932955193,0.581,0.879,0.7605807465861102,0.947,0.794,0.0,0.963,0.144,0.4335305188469342,Calm,4,4
17958,18999,2xchWzQHyxdE0azwZCjcSO,George Lopez,Team Leader,Jack In the Box,0.0762380759017773,0.444,0.738,0.6716346598440246,0.882,0.874,0.000395,0.845,0.208,0.4423201753848791,Calm,4,4
15307,16219,5NWDX573125Bf6Hwb1KDff,Johannes Brahms;Erwin Ortner;Arnold Schönberg Choir,October Classical Playlist,"5 Songs, Op. 104: No. 5, Im herbst",0.0606497667247863,0.103,0.0379,0.5078450109429427,0.0482,0.985,0.00202,0.102,0.0326,0.3509371415040804,Energetic,1,4
51111,59588,6rbn0Hr2It1ZFG7AlmR3ck,Martin Shamoonpour,Tehransaranieh,Monsters in My Room,0.1316540039338759,0.314,0.257,0.6518911254276996,0.0664,0.898,0.112,0.077,0.0478,0.3621436474012746,Energetic,1,4
25532,26985,7u07yRytEo8j5ua4YyefG0,Chorus - Beauty And the Beast,Walt Disney Records The Legacy Collection: Beauty and the Beast,Transformation - Remastered 2018,0.0630416777722722,0.211,0.154,0.6395610492894793,0.0356,0.827,0.117,0.0968,0.111,0.4358575528583734,Energetic,1,4
15830,16806,5cr64yImpnYuMFqQQzIkiY,Wolfgang Amadeus Mozart;The Monteverdi Choir;English Baroque Soloists;John Eliot Gardiner,Mozart - Inspiring Classics,"Requiem in D minor, K.626: 3. Sequentia: Lacrimosa",0.0420935456989171,0.163,0.0785,0.5952806633580964,0.0328,0.979,0.13,0.107,0.047,0.6002400519296011,Energetic,1,4
24831,26283,5NZRltSkXsWOd4mlozkfnD,Christine Leyser;Paula Seifert,Rapunzel Neu Verföhnt,"Prolog - aus ""Rapunzel - Neu Verföhnt""/Deuscher Film-Soundtrack",0.0295889107323975,0.182,0.148,0.6692302949970717,0.0313,0.898,0.0882,0.243,0.152,0.3368606269927781,Energetic,1,4
80362,101426,5FEXdo7VfzLoXbvMkxPJI9,Baby Sweet Dream,Baby White Noise Series - Clothes Dryer,Baby White Noise Series - Clothes Dryer,0.0749501237992849,0.395,0.161,0.4489997225732869,0.0562,0.894,0.341,0.12,0.0396,0.5045050561958301,Energetic,1,4
69870,84369,5HAjss9faCAowGY8dM24r6,Pink Floyd,The Wall,Is There Anybody Out There?,0.0395812724609008,0.307,0.0742,0.5061650380691101,0.0359,0.72,0.315,0.11,0.0394,0.4845211413081197,Energetic,1,4
64081,76710,6UFou6lticy1PrLFd0bGaX,Nicola Porpora;Simone Kermes;La Magnifica Comunità,Dramma,Polifemo: Alto Giove,0.1392046231347374,0.216,0.048,0.5853241268764835,0.0419,0.967,0.157,0.0902,0.0595,0.2993382241872732,Energetic,1,4
66868,80081,4JQxGJ8jsKW8pOUVoAgOZr,Amit Trivedi,Andhadhun,Naina Da Kya Kasoor,0.052194003407451,0.845,0.659,0.8269165562097346,0.0373,0.159,0.0129,0.0782,0.547,0.5142541039490175,Happy,4,4
20041,21248,6sOCLCCBaQjvlzJPWgMonO,Gmiztik,Pa' mayores de edad,Pa' mayores de edad,0.0529772520570818,0.931,0.477,0.7431645140408742,0.185,0.0759,0.0,0.0495,0.858,0.4083536438494858,Happy,4,4
15051,15940,1ZtjszSbYrbTQPKKNnVsCj,Ethan Dufault,What If,So Bad,0.0369573255981247,0.806,0.515,0.8194260349557659,0.0455,0.0696,2.46e-06,0.0639,0.633,0.4612793788043944,Happy,4,4
44331,50141,3oUX9nX0ZIuD0UMKwts1DW,Pappo;Almafuerte,"Pappo y Amigos, Vol. 1",El Brujo y el Tiempo,0.0396096380726819,0.376,0.747,0.8418821861224994,0.0302,0.000142,0.000777,0.237,0.812,0.5432807913548645,Romantic,4,4
28290,30881,6f4Bso8yLJqyMGJsaUeyr9,twocolors;Kairos Grove,Arbeitsmusik Herbst/Winter 2022/2023,BACK TO LIFE - TC/TC,0.0442845975494666,0.589,0.838,0.833127832064363,0.0417,0.00587,0.228,0.379,0.322,0.5148583162888298,Romantic,4,4
41580,46754,18WimD8jMy9cqbitPwNjKz,Ophidian,Electric Resonance,Electric Resonance,0.0492805228676662,0.418,0.996,0.9247402977713388,0.37,0.0256,0.0736,0.451,0.133,0.7275165648078973,Romantic,4,4
47479,54267,3k7tKpRxM3oBd9BlMw4rRa,B12,Time Tourist (Expanded Edition),Phett,0.0884853759938505,0.686,0.494,0.7581609691439846,0.0431,0.332,0.871,0.127,0.706,0.5011084030422908,Sad,0,4
47883,54672,0zNnrjAohPi8ghYD3t5HIX,Susumu Yokota,Symbol,Song Of The Sleeping Forest,0.064649829078023,0.82,0.702,0.7679171418883513,0.046,0.846,0.867,0.175,0.786,0.4351757727181798,Sad,0,4
29540,32693,6fxq63aKjMmi1WMI9iKX5w,Oliver Koletzki,The Arc of Tension,Spiritual but Not Religious,0.0613310524996364,0.671,0.497,0.7739126414105607,0.0552,0.171,0.536,0.101,0.114,0.3878594144855826,Sad,0,4
23555,24934,5jwqrtIuFEZbsilJYuovTi,Drexciya,Journey of the Deep Sea Dweller II,Danger Bay,0.0500003960963807,0.784,0.872,0.7896026632964459,0.0532,1.05e-05,0.893,0.0842,0.181,0.4731635823259725,Sad,0,4
29750,32917,0pTBTsmhySecNljRtugWOI,Kerala Dust,Motions,Motions,0.0774041325374266,0.83,0.498,0.708624888258685,0.0512,0.181,0.825,0.0831,0.211,0.4572295231213283,Sad,0,4
16166,17192,4JITK6LNul3oc5aDcCYlLx,Retroj,UNTITLED,To The Left (Jersey Club),0.0315011618401258,0.933,0.37,0.7358281187386333,0.321,0.098,0.353,0.164,0.329,0.5511314692566147,Sad,0,4
15973,16998,23LveHXJT1mbjaxaqeWB5Y,Wolfgang Amadeus Mozart;Francesco Piemontesi,Mozart - All Day Classics,"8 Menuette, K.315a: Menuetto 5 in F Major",0.0233057999498618,0.422,0.0238,0.4958385993033507,0.0413,0.994,0.909,0.111,0.717,0.6335615459670868,Angry,0,5
11646,12481,3xsOfWps2uhcjn7gznHks4,HANA,"手中沙 (劇集 ""不懂撒嬌的女人"" 片尾曲)","手中沙 - 劇集 ""不懂撒嬌的女人"" 片尾曲",0.0513034254159459,0.67,0.156,0.7420548071884344,0.0345,0.872,3.13e-06,0.099,0.466,0.4725430399229221,Angry,0,5
74630,93877,3TXxXDFsBsCDOpkvj12Fj6,Vadim Kozin,Velikie ispolniteli Rossii XX veka: Vadim Kozin (Deluxe Version),"Zabytoe tango, Ch. 2",0.0376199565111728,0.558,0.334,0.7644030701889585,0.101,0.992,0.701,0.117,0.841,0.4070676513694799,Angry,0,5
85877,108957,7BPpJTZrxQdmWUjDBCR1xL,Ada Falcón,Tus Besos Fueron Míos,Lo Que Nunca Te Diran,0.0375619475573502,0.664,0.146,0.7605190962054191,0.197,0.993,0.0,0.143,0.329,0.3043515536013913,Angry,0,5
15952,16977,2gQwtFj6muv9pXZh0ckid8,Wolfgang Amadeus Mozart;Academy of St. Martin in the Fields Chamber Ensemble,Mozart - Inspiring Classics,"Minuet for String Quartet in F, K.168a",0.0214796678616851,0.38,0.0641,0.5883295829351747,0.0493,0.962,0.00124,0.11,0.472,0.2491477748247579,Angry,0,5
83267,105950,5nvL2YxmnbQyuu7aGrI68K,luvuto,messy,messy,0.0228187291745939,0.605,0.238,0.7343793347923924,0.16,0.948,0.92,0.111,0.656,0.3265849347001596,Angry,0,5
74330,93577,1srA7XXVhBSt3LfvacwFhO,Sergei Lemeshev,Легенды русской эстрады. Сергей Лемешев. Часть вторая,Уж тает снег…,0.0375108383469339,0.446,0.0891,0.6117259024074474,0.0399,0.991,4.39e-05,0.0953,0.221,0.3785716910188735,Angry,0,5
62882,75382,3dEhxY3hnQ4NQtBlxY460S,Jim Brickman,By Heart,Angel Eyes,0.0367884096576986,0.292,0.256,0.6710335686322864,0.0391,0.904,0.877,0.274,0.461,0.5977374697383515,Angry,0,5
89462,113721,4wnkpCwzXKfDXE2H4qjemi,Petra Espiritu,"Música de Meditación Chamánica - Canciones Sonidos Instrumentales Meditar, Relajar Profundamente",El Fuego Interno,0.0596173606743758,0.526,0.192,0.6243334052587775,0.0327,0.89,0.942,0.1,0.365,0.5142418564015889,Angry,0,5
78391,98691,6va0uR0XCeTX5DuT9S0Q4S,Lea Salonga,The Journey so Far,Your Song / Someone's Waiting for You,0.0736381503678968,0.444,0.209,0.7154680805153972,0.071,0.94,2.01e-05,0.701,0.171,0.3701045532298824,Calm,1,5
62116,74582,1IHpwLg95wKlGrqgEikdiF,O Teatro Mágico,Recombinando Atos (Ao Vivo),Eu Não Sei Na Verdade Quem Eu Sou (Ao Vivo),0.0932538653256972,0.438,0.446,0.7599334175888536,0.0337,0.606,0.0142,0.909,0.121,0.5101225979497606,Calm,1,5
36838,41316,0oowQpk4wIPkoDet0zuNOs,Slowgold,Kärlek,Kärlek,0.066227059311472,0.399,0.523,0.7661755186338276,0.0264,0.105,0.253,0.695,0.548,0.6056248902823876,Calm,1,5
36072,40510,6zdmTmUcPqzkKspU2miNBc,Isadora Pompeo,Pra Te Contar Os Meus Segredos (Ao Vivo),"Oi, Jesus - Ao Vivo",0.0587551482946517,0.591,0.307,0.7779199161554823,0.0311,0.25,0.0,0.756,0.234,0.5307556328511882,Calm,1,5
74031,93183,1YlGUez7LhxUuhTZtOyHbl,Sergei Lemeshev,Лемешев Сергей - ХX Век Ретропанорама,Ария Ленского,0.0960002187474206,0.222,0.195,0.6691069942356895,0.0478,0.982,1.39e-05,0.115,0.106,0.3452706095604355,Energetic,1,5
25412,26865,3N1SBUD3eQRWFiBoE4uGre,Kristen Anderson-Lopez;Robert Lopez,Die Eiskönigin 2 (Deutscher Original Film-Soundtrack/Deluxe Edition),Der nächste Schritt - Instrumental,0.0536511269964216,0.165,0.073,0.6240251533553219,0.0378,0.814,0.271,0.472,0.0399,0.4353023307082757,Energetic,1,5
80533,101598,7nOk0pfj4DqDglEjgaJ0EG,Weißes Rauschen HD,"Weißes Geräusch Für Tiefen Schlaf, Tinnitus Und Meditation",Weißes Rauschen: Entspannende Stimmungen,0.0208328808038661,0.0,0.000267,0.5699577694892266,0.0,0.926,0.345,0.174,0.0,0.0,Energetic,1,5
74205,93397,3KKk48f33mlB56F5L5nbJk,Nikolay Kopylov,Popular Opera Arias,"""Don Carlos"" Roderigo'S Death Aria",0.0584794141044554,0.167,0.332,0.7723559692981105,0.0359,0.992,0.191,0.113,0.0527,0.2570760205268895,Energetic,1,5
64285,76936,7qGpYEca4muf9nKvCso8AB,Georges Bizet;Angela Gheorghiu;Michel Plasson;Wolff;Orchestre National Du Capitole De Toulouse,Bizet : Carmen,"Carmen, Act III, No.20 Trio: Voyons que j'essaie à mon tour (Carmen)",0.015629196545324,0.315,0.0371,0.5866496100613422,0.0553,0.981,0.000357,0.0925,0.0348,0.508628397163468,Energetic,1,5
15777,16753,4NmrKzS26IiOpPyPZ1EHqv,Wolfgang Amadeus Mozart;Raphael Pichon;Sabine Devieilhe;Ensemble Pygmalion,Die Königin der Nacht: Mozart-Arien aus Die Zauberflöte u.a.,"Popoli di Tessaglia... Io non chiedo, eterni dei, K. 316",0.1542511746813149,0.302,0.147,0.6813754199932185,0.0492,0.964,0.00314,0.0677,0.0578,0.371704899427223,Energetic,1,5
66681,79848,1hYd1uyB9HQpf4icjtBQoB,Eliane Elias,Dreamer,Time Alone,0.1006478347966326,0.248,0.133,0.6383434542708302,0.0323,0.939,0.403,0.295,0.0572,0.3769509322424851,Energetic,1,5
63941,76550,41SH0UAo3nbzN4l0U38Wq3,Katherine Jenkins;Choir of The King's Consort;Philharmonia Orchestra;Nicholas Dodd,Katherine Jenkins / From The Heart,Nella Fantasia,0.0778462272075281,0.165,0.223,0.7102277981566536,0.0403,0.973,0.00129,0.0771,0.081,0.3735297839940886,Energetic,1,5
13641,14488,6b9Iy4mw07KNmkfp9fa7cJ,Kidz Bop Kids,KIDZ BOP Halloween,Candy Girl,0.0531944662013513,0.728,0.916,0.841974661693536,0.0762,0.0731,0.0,0.423,0.805,0.424716367214132,Happy,2,5
57499,67805,4au7FRcgZzChASRYu279xH,Daddy Yankee;Katy Perry;Snow,Con Calma (Remix),Con Calma - Remix,0.0446116964961314,0.736,0.868,0.8783637988964582,0.0454,0.166,1.48e-06,0.0419,0.613,0.3838626315080405,Happy,2,5
82097,104777,0qwYL0W0E7shBuCeJ4e17d,La Pegatina;LOUTA,Hacia Otra Parte,Contigo no cuento,0.0480723011334234,0.716,0.937,0.8646157640023429,0.0633,0.022,1.97e-06,0.125,0.641,0.4697097739510996,Happy,2,5
84771,107837,6di81DEyALXXHzbcMuUsFd,The Stranglers,Black and White,Sweden (All Quiet on the Eastern Front),0.0413133636019113,0.364,0.822,0.7848864091735767,0.0702,0.00135,0.0206,0.219,0.667,0.66708308327924,Romantic,2,5
42923,48572,4Gp1Y78hnUBqFjgiPSmEjZ,Lost Boyz,The Best 90s Hip Hop Hits,"Jeeps, Lex Coups, Bimaz & Benz",0.0676195297492659,0.549,0.745,0.8279492000863106,0.399,0.00941,0.0,0.453,0.608,0.7274716571339923,Romantic,2,5
70610,85501,3YD9EehnGOf88rGSZFrnHg,blink-182,Take Off Your Pants And Jacket,Stay Together For The Kids,0.0594469114576372,0.519,0.78,0.8486329028081748,0.0356,0.00165,2.14e-05,0.156,0.166,0.5924751068598514,Romantic,2,5
48031,54820,6ogPAtjl2QaiDxgjJ5VuZ7,Telefon Tel Aviv,Fahrenheit Fair Enough,Rittle Alpha - Archive '99,0.0494039516108217,0.485,0.907,0.8103326038038285,0.328,0.432,0.0464,0.134,0.0827,0.4457780662755616,Romantic,2,5
82297,104978,6uK6H8xkSQRA4Y2TfczXs0,Medina Azahara,Sin Tiempo,Necesito Respirar,0.0671370588029354,0.374,0.726,0.787337011806048,0.0787,0.0289,0.0,0.111,0.546,0.7288719600566653,Romantic,2,5
87739,111786,1RxpDujzHDCbEMavfOxsPa,Everything But The Girl,The Language of Life (Deluxe Edition),My Baby Don't Love Me - 2013 Remaster,0.0548912919871746,0.423,0.602,0.7897876144385192,0.0484,0.193,0.0,0.0784,0.791,0.7265857512033215,Romantic,2,5
69271,83528,3ZFosXgzvmN6wXs9wTaIxh,Calvin Harris;Tom Grennan;Oliver Heldens,By Your Side (feat. Tom Grennan) [Oliver Heldens Remix],By Your Side (feat. Tom Grennan) - Oliver Heldens Remix,0.0591226235175454,0.682,0.861,0.83155574735674,0.0442,0.18,0.00684,0.0975,0.392,0.5064156735946961,Romantic,2,5
70826,85797,4FTNbGANV9KW25np7sr5jC,Skay Beilinson,La Marca de Caín,Tal Vez Mañana,0.0623736803921303,0.602,0.935,0.8082364908603311,0.102,0.00955,0.0301,0.0752,0.337,0.6451313957713302,Romantic,2,5
21107,22342,5D14Kvd3GbWhZqKF2tp8MK,Nervosa,Perpetual Chaos,Under Ruins,0.0590911913531393,0.54,0.91,0.8002065287753153,0.0516,3.37e-05,0.000125,0.104,0.104,0.5103879614773809,Romantic,2,5
36508,40953,513qzL4sJwVPpzdc7AXZvH,Megafone,O Amor Venceu,A Casa é Sua,0.0614470704072816,0.388,0.643,0.8391695693720909,0.0283,0.00676,0.0,0.313,0.337,0.6526840500189837,Romantic,2,5
71110,86618,3AF9gPYhMqW66A2wicWoql,Fiersa Besari;Vica,Tempat Aku Pulang,Edelweiss (Feat. Vica),0.066411308015023,0.506,0.333,0.7906815449585402,0.0245,0.536,1.02e-06,0.112,0.247,0.4088190506517736,Sad,1,5
33824,37459,5BVEbUAtYZAPciUbO5qDsQ,MC V7;MC Gui Gomes,Desisto Nunca,Desisto Nunca,0.0473511501744485,0.558,0.642,0.8262229894269598,0.086,0.753,3.34e-05,0.0754,0.17,0.7357387516483157,Sad,1,5
79133,99921,6r9Ice11we6LCIRKtq9SWc,Anupam Roy,Brishti Theme Gele,Brishti Theme Gele,0.0564117909970614,0.751,0.595,0.8376899602355045,0.0361,0.309,0.0,0.0899,0.34,0.4897671741233818,Sad,1,5
29528,32681,6VNooTY5w9A9wg1YUsEbKB,Maribou State;Holly Walker,Portraits,Midas,0.054086577469169,0.697,0.578,0.8444098517308345,0.095,0.393,0.379,0.106,0.3,0.4694689055183367,Sad,1,5
52197,60918,0amhzLwuGALhb81XyyuUlN,Chronic Law,Stay Real,Stay Real,0.0485192511785145,0.544,0.689,0.8050923214450849,0.246,0.147,0.0,0.151,0.422,0.356517940615725,Sad,1,5
49290,56638,0UZLtUPQZtYHvs4DxT1kT3,salem ilese,(MORE) Unsponsored Content,Ben & Jerry,0.038763525094239,0.707,0.484,0.8310471317160384,0.0289,0.247,0.0,0.145,0.589,0.4060102797748084,Sad,1,5
54459,64004,1ChcgTQZdf9ngSgZ9dmILP,Harish Raghavan;Mahathi,Ayan,Nenje Nenje,0.0862539478670721,0.669,0.509,0.7922998674516816,0.0277,0.493,0.000268,0.0804,0.376,0.4693627601072885,Sad,1,5
782,782,7AtnW6HeSUsPpA9D59PJyx,Austin Plaine,Honey,Honey,0.0473442504310423,0.517,0.578,0.8111648839431584,0.0293,0.367,1.42e-06,0.176,0.398,0.5641138695309598,Sad,1,5
39991,45069,3tHZ3h8BXr7Bj2qJMvTjly,Los Apus,Tengo Que Olvidarme de Tí,Dime Porqué,0.0897605507937388,0.717,0.656,0.8607934403994945,0.0474,0.647,0.0,0.087,0.569,0.3796862178348785,Sad,1,5
75266,94939,2EEbJpnK4CJsbwIjUYVLIg,LIL DUSTY G;Marshmello,UNDERGROWTH,PREACHED,0.0389927499029564,0.688,0.414,0.8039055516167812,0.0354,0.415,2.18e-05,0.13,0.435,0.4612426361621086,Sad,1,5
